<?xml version="1.0" encoding="UTF-8"?>
<beans xmlns="http://www.springframework.org/schema/beans"
       xmlns:xsi="http://www.w3.org/2001/XMLSchema-instance"
       xmlns:context="http://www.springframework.org/schema/context" xmlns:tx="http://www.springframework.org/schema/tx"
       xsi:schemaLocation="http://www.springframework.org/schema/beans


       http://www.springframework.org/schema/beans/spring-beans.xsd
  http://www.springframework.org/schema/context
       http://www.springframework.org/schema/context/spring-context.xsd http://www.springframework.org/schema/tx http://www.springframework.org/schema/tx/spring-tx.xsd">

    <!--    引入外部配置文件-->
    <context:property-placeholder location="classpath:jdbc.properties"/>
    <!--  配置数据源   德鲁伊-->
    <bean id="dataSource" class="com.alibaba.druid.pool.DruidDataSource">
        <property name="driverClassName" value="${jdbc_driver}"/>
        <property name="url" value="${jdbc_url}"/>
        <property name="username" value="${jdbc_username}"/>
        <property name="password" value="${jdbc_password}"/>
        <property name="maxActive" value="${jdbc_maxActive}"/>
        <property name="initialSize" value="${jdbc_initialSize}"/>
    </bean>


    <bean id="transactionManager" class="org.springframework.jdbc.datasource.DataSourceTransactionManager">
        <property name="dataSource" ref="dataSource"/>
    </bean>
    <tx:annotation-driven/>


    <bean id="sqlSessionFactory" class="org.mybatis.spring.SqlSessionFactoryBean">
        <!--        配置数据源-->
        <property name="dataSource" ref="dataSource"/>
        <!--        配置mybatis核心配置文件位置-->
        <property name="configLocation" value="classpath:mybatisConfig.xml"/>
    </bean>
    <!--    通过MapperScannerConfigurer的配置方式-->
    <bean class="org.mybatis.spring.mapper.MapperScannerConfigurer">
        <property name="basePackage" value="com.gavin.mapper"/>
        <property name="sqlSessionFactoryBeanName" value="sqlSessionFactory"/>
    </bean>

    <context:component-scan base-package="com.gavin"/>

</beans>