<?xml version="1.0" encoding="UTF-8"?>
<!DOCTYPE mapper PUBLIC "-//mybatis.org//DTD Mapper 3.0//EN" "http://mybatis.org/dtd/mybatis-3-mapper.dtd">
<mapper namespace="com.gavin.mapper.DeptMapper">
    <resultMap id="BaseResultMap" type="com.gavin.pojo.Dept">
        <id column="DEPTNO" jdbcType="INTEGER" property="deptno"/>
        <result column="DNAME" jdbcType="VARCHAR" property="dname"/>
        <result column="LOC" jdbcType="VARCHAR" property="loc"/>
        <collection property="empOfDept" ofType="emp">
            <id column="EMPNO" jdbcType="INTEGER" property="EMPNO"/>
            <result column="ENAME" jdbcType="VARCHAR" property="ENAME"/>
            <result column="JOB" jdbcType="VARCHAR" property="JOB"/>
            <result column="MGR" jdbcType="INTEGER" property="MGR"/>
            <result column="HIREDATE" jdbcType="DATE" property="HIREDATE"/>
            <result column="SAL" jdbcType="INTEGER" property="SAL"/>
            <result column="COMM" jdbcType="INTEGER" property="COMM"/>
            <result column="DEPTNO" jdbcType="INTEGER" property="DEPTNO"/>
        </collection>
    </resultMap>
<!--    <resultMap id="empAndDept" type="dept">
        <id column="DEPTNO" jdbcType="INTEGER" property="deptno"/>




    </resultMap>-->
<cache type="org.mybatis.caches.ehcache.EhcacheCache"/>
    <select id="selectEmpBydeptno" resultMap="BaseResultMap" useCache="true">
        select d.*, e.*
        from Dept d
                 inner join Emp e on d.DEPTNO = e.deptno
        where d.deptno = #{deptno}
    </select>


</mapper>